INSERT INTO authority (name) VALUES
    ('ROLE_STUDENT'),
    ('ROLE_PROFESSOR');

INSERT INTO professor (id, first_name, last_name, email, password) VALUES
    ('c3b0c97ba5a8450cb6aa49bd3a4a52d6', 'Petar', 'Petrović', 'petar@example.com', '$2a$04$P2R/ohGi2eYUJw02EEZaveX37jwcXb4E.RnwQo8MgP8EgNP0vjfN.'),
    ('41f28fb830da4eca923775db4895ada8', 'Mariejeanne', 'Kimberly', 'mkimberly0@booking.com', '$2a$04$P2R/ohGi2eYUJw02EEZaveX37jwcXb4E.RnwQo8MgP8EgNP0vjfN.'),
    ('a03e5b4fbac043879939b6094050136c', 'Henrik', 'De Ruggero', 'hderuggero1@privacy.gov.au', '$2a$04$P2R/ohGi2eYUJw02EEZaveX37jwcXb4E.RnwQo8MgP8EgNP0vjfN.'),
    ('2fa370999fce46f0a37ccb3d2500bf04', 'Udale', 'Hoggin', 'uhoggin2@fotki.com', '$2a$04$P2R/ohGi2eYUJw02EEZaveX37jwcXb4E.RnwQo8MgP8EgNP0vjfN.'),
    ('7e1e4eb393214e1b817feba48dbc7e8f', 'Roth', 'Penddreth', 'rpenddreth3@deviantart.com', '$2a$04$P2R/ohGi2eYUJw02EEZaveX37jwcXb4E.RnwQo8MgP8EgNP0vjfN.'),
    ('05e645b34ada4ccfae4089b5f7ae02d9', 'Caitlin', 'Selwin', 'cselwin4@quantcast.com', '$2a$04$P2R/ohGi2eYUJw02EEZaveX37jwcXb4E.RnwQo8MgP8EgNP0vjfN.'),
    ('24deda2673f64f3d825c758b22aee60b', 'Lorant', 'Roskruge', 'lroskruge5@123reg.co.uk', '$2a$04$P2R/ohGi2eYUJw02EEZaveX37jwcXb4E.RnwQo8MgP8EgNP0vjfN.'),
    ('d3bccb1a887140499a25ecb1bc90b043', 'Edward', 'Bedbrough', 'ebedbrough6@delicious.com', '$2a$04$P2R/ohGi2eYUJw02EEZaveX37jwcXb4E.RnwQo8MgP8EgNP0vjfN.'),
    ('a59ac21639d24d3889bbcccc8dbc4599', 'Cathie', 'Haibel', 'chaibel7@simplemachines.org', '$2a$04$P2R/ohGi2eYUJw02EEZaveX37jwcXb4E.RnwQo8MgP8EgNP0vjfN.'),
    ('93eb65c511e44a18a0c8cd95d7b2e772', 'Danyelle', 'Riley', 'driley8@tinypic.com', '$2a$04$P2R/ohGi2eYUJw02EEZaveX37jwcXb4E.RnwQo8MgP8EgNP0vjfN.'),
    ('c1376f7537a34372a55ff09e71d1a5a8', 'Far', 'Byneth', 'fbyneth9@canalblog.com', '$2a$04$P2R/ohGi2eYUJw02EEZaveX37jwcXb4E.RnwQo8MgP8EgNP0vjfN.'),
    ('abdf17ef2d774938a9a10c6800a7e103', 'Byrann', 'Favell', 'bfavella@pcworld.com', '$2a$04$P2R/ohGi2eYUJw02EEZaveX37jwcXb4E.RnwQo8MgP8EgNP0vjfN.'),
    ('023cf19d63394ef489f733e4af7e70eb', 'Alexandre', 'Adamovicz', 'aadamoviczb@symantec.com', '$2a$04$P2R/ohGi2eYUJw02EEZaveX37jwcXb4E.RnwQo8MgP8EgNP0vjfN.'),
    ('fe6549cd3fcd4fa28c9a5d2258558ad0', 'Birgitta', 'Manhare', 'bmanharec@devhub.com', '$2a$04$P2R/ohGi2eYUJw02EEZaveX37jwcXb4E.RnwQo8MgP8EgNP0vjfN.'),
    ('121e83dab3e84857bc0a1ae9d8fc1d77', 'Simeon', 'Orrill', 'sorrilld@tripod.com', '$2a$04$P2R/ohGi2eYUJw02EEZaveX37jwcXb4E.RnwQo8MgP8EgNP0vjfN.'),
    ('ac183e341bad458dba98ae32164fa483', 'Madelyn', 'Toma', 'mtomae@netlog.com', '$2a$04$P2R/ohGi2eYUJw02EEZaveX37jwcXb4E.RnwQo8MgP8EgNP0vjfN.');


INSERT INTO student (id, first_name, last_name, email, password, date_of_birth) VALUES
    ('d6d797ab63164464a46165d04f953a14', 'Mika', 'Mikić', 'mika@example.com', '$2a$04$P2R/ohGi2eYUJw02EEZaveX37jwcXb4E.RnwQo8MgP8EgNP0vjfN.', '2000-10-05'),
    ('72c8a42e22c34052b08b421ecd6d61b7', 'Tallulah', 'Worgan', 'tworgan0@nature.com', '$2a$04$P2R/ohGi2eYUJw02EEZaveX37jwcXb4E.RnwQo8MgP8EgNP0vjfN.', '1991-09-05'),
    ('de41c027e73349558de0560ad2a4751a', 'Silvanus', 'Scorer', 'sscorer1@tripadvisor.com', '$2a$04$P2R/ohGi2eYUJw02EEZaveX37jwcXb4E.RnwQo8MgP8EgNP0vjfN.', '1992-09-14'),
    ('0ee981b281674e16ab75de5eb977658d', 'Roseline', 'Schwandner', 'rschwandner2@reuters.com', '$2a$04$P2R/ohGi2eYUJw02EEZaveX37jwcXb4E.RnwQo8MgP8EgNP0vjfN.', '1990-11-09'),
    ('4c766eafd15d4fc9a448abefab3fe878', 'Dawn', 'Joyner', 'djoyner3@mozilla.org', '$2a$04$P2R/ohGi2eYUJw02EEZaveX37jwcXb4E.RnwQo8MgP8EgNP0vjfN.', '2001-08-10'),
    ('a495d79f53f643ccbf956207a4ff520e', 'Mendie', 'Tuppeny', 'mtuppeny4@google.fr', '$2a$04$P2R/ohGi2eYUJw02EEZaveX37jwcXb4E.RnwQo8MgP8EgNP0vjfN.', '1990-01-27'),
    ('69f997b0fa8c44c98a9f1d37885413aa', 'Felipe', 'Gaize', 'fgaize5@pinterest.com', '$2a$04$P2R/ohGi2eYUJw02EEZaveX37jwcXb4E.RnwQo8MgP8EgNP0vjfN.', '2002-01-06'),
    ('4b40ea8e209a4000af8ffc34b0425f2b', 'Lanna', 'Backshaw', 'lbackshaw6@google.co.uk', '$2a$04$P2R/ohGi2eYUJw02EEZaveX37jwcXb4E.RnwQo8MgP8EgNP0vjfN.', '2002-02-13'),
    ('169061461d4049889651192c21917251', 'Greggory', 'Pepi', 'gpepi7@soundcloud.com', '$2a$04$P2R/ohGi2eYUJw02EEZaveX37jwcXb4E.RnwQo8MgP8EgNP0vjfN.', '1996-01-13'),
    ('4c11b02ead304ec6a01da364fc806a9a', 'Gabe', 'Sambals', 'gsambals8@hexun.com', '$2a$04$P2R/ohGi2eYUJw02EEZaveX37jwcXb4E.RnwQo8MgP8EgNP0vjfN.', '2000-08-22'),
    ('e08e6a7dbe6747a3a4950531a649e794', 'Enos', 'Jackways', 'ejackways9@tinypic.com', '$2a$04$P2R/ohGi2eYUJw02EEZaveX37jwcXb4E.RnwQo8MgP8EgNP0vjfN.', '1997-10-24'),
    ('f49ee0f28d1547e9ae25fe499057ea80', 'Asa', 'Davydochkin', 'adavydochkina@japanpost.jp', '$2a$04$P2R/ohGi2eYUJw02EEZaveX37jwcXb4E.RnwQo8MgP8EgNP0vjfN.', '1993-12-14'),
    ('e0aaf6ada1cd493aba94a869b64c4662', 'Mandi', 'Nazaret', 'mnazaretb@admin.ch', '$2a$04$P2R/ohGi2eYUJw02EEZaveX37jwcXb4E.RnwQo8MgP8EgNP0vjfN.', '1991-07-01'),
    ('dfe9d931ec644730878ecc237ddb73b4', 'Leilah', 'Tandy', 'ltandyc@tmall.com', '$2a$04$P2R/ohGi2eYUJw02EEZaveX37jwcXb4E.RnwQo8MgP8EgNP0vjfN.', '1999-01-22'),
    ('9ff3a23346004bbba91cf8c64af56a6e', 'Roscoe', 'Wattam', 'rwattamd@rediff.com', '$2a$04$P2R/ohGi2eYUJw02EEZaveX37jwcXb4E.RnwQo8MgP8EgNP0vjfN.', '1994-01-27'),
    ('575233018d034a09bcd64b6b7aa4deb4', 'Frances', 'Bonick', 'fbonicke@time.com', '$2a$04$P2R/ohGi2eYUJw02EEZaveX37jwcXb4E.RnwQo8MgP8EgNP0vjfN.', '2001-04-23'),
    ('d916a323107e428193cb755de5a0e9d2', 'Lazaro', 'Bamforth', 'lbamforthf@storify.com', '$2a$04$P2R/ohGi2eYUJw02EEZaveX37jwcXb4E.RnwQo8MgP8EgNP0vjfN.', '1990-12-01'),
    ('ece508c3c6c5420aa5881a9b8fd8b7f3', 'Hunter', 'Donaho', 'hdonahog@japanpost.jp', '$2a$04$P2R/ohGi2eYUJw02EEZaveX37jwcXb4E.RnwQo8MgP8EgNP0vjfN.', '1991-06-05'),
    ('25b40b210a1f4089bc6321a41c5fa361', 'Charlotte', 'Michelmore', 'cmichelmoreh@amazon.co.uk', '$2a$04$P2R/ohGi2eYUJw02EEZaveX37jwcXb4E.RnwQo8MgP8EgNP0vjfN.', '1997-06-08'),
    ('a8b9e6309df7436ca5d81b9fa4aa51ee', 'Marci', 'Vedishchev', 'mvedishchevi@nifty.com', '$2a$04$P2R/ohGi2eYUJw02EEZaveX37jwcXb4E.RnwQo8MgP8EgNP0vjfN.', '1991-12-26'),
    ('023b4c4c219b441c92380226b7a0fa79', 'Ingrim', 'Leavens', 'ileavensj@kickstarter.com', '$2a$04$P2R/ohGi2eYUJw02EEZaveX37jwcXb4E.RnwQo8MgP8EgNP0vjfN.', '1997-03-27'),
    ('998c46c9b97e4f4a89a77c59c420ca0d', 'Cordie', 'Bromidge', 'cbromidgek@nature.com', '$2a$04$P2R/ohGi2eYUJw02EEZaveX37jwcXb4E.RnwQo8MgP8EgNP0vjfN.', '1991-01-21'),
    ('a91868fb4bd544df8b42c1af8a40629f', 'Joseph', 'Ringrose', 'jringrosel@sourceforge.net', '$2a$04$P2R/ohGi2eYUJw02EEZaveX37jwcXb4E.RnwQo8MgP8EgNP0vjfN.', '1995-01-12'),
    ('aa241172cf5d4a7ea720807023c594ab', 'Hermina', 'Fraczak', 'hfraczakm@uol.com.br', '$2a$04$P2R/ohGi2eYUJw02EEZaveX37jwcXb4E.RnwQo8MgP8EgNP0vjfN.', '2002-07-29'),
    ('a0a067b4cfbb489fafa1f28d9ea1f7b9', 'Rena', 'Ciobotaru', 'rciobotarun@ted.com', '$2a$04$P2R/ohGi2eYUJw02EEZaveX37jwcXb4E.RnwQo8MgP8EgNP0vjfN.', '2002-07-14'),
    ('cd5080f87ac94adaae5f4e4fdcfc3a40', 'Lonni', 'Edds', 'leddso@nydailynews.com', '$2a$04$P2R/ohGi2eYUJw02EEZaveX37jwcXb4E.RnwQo8MgP8EgNP0vjfN.', '2001-08-20'),
    ('f61db240b41c4e4296bfa99dbceaf8d5', 'Brandy', 'Tolworthie', 'btolworthiep@house.gov', '$2a$04$P2R/ohGi2eYUJw02EEZaveX37jwcXb4E.RnwQo8MgP8EgNP0vjfN.', '1990-09-02'),
    ('151a948116604499afa5229dcb4317d9', 'Almeda', 'Morrant', 'amorrantq@google.com.au', '$2a$04$P2R/ohGi2eYUJw02EEZaveX37jwcXb4E.RnwQo8MgP8EgNP0vjfN.', '1994-03-27'),
    ('191e2530e8ce40359021b8c6389c6e0f', 'Lani', 'Craft', 'lcraftr@moonfruit.com', '$2a$04$P2R/ohGi2eYUJw02EEZaveX37jwcXb4E.RnwQo8MgP8EgNP0vjfN.', '1990-04-12'),
    ('b50ebbb5ca9343fe8a04ad5b68a735ea', 'Chadwick', 'Clemon', 'cclemons@adobe.com', '$2a$04$P2R/ohGi2eYUJw02EEZaveX37jwcXb4E.RnwQo8MgP8EgNP0vjfN.', '1993-03-13'),
    ('6fc4b742e790401e8f2f0c1194902f67', 'Brand', 'Avramovsky', 'bavramovskyt@altervista.org', '$2a$04$P2R/ohGi2eYUJw02EEZaveX37jwcXb4E.RnwQo8MgP8EgNP0vjfN.', '1992-02-26'),
    ('e3bc880570294f44add5a3d4ab6a9d98', 'Nanine', 'Andric', 'nandricu@google.co.uk', '$2a$04$P2R/ohGi2eYUJw02EEZaveX37jwcXb4E.RnwQo8MgP8EgNP0vjfN.', '1994-08-24'),
    ('2ef2d7f9a38e411c829306cb5b4d1736', 'Lilla', 'Janosevic', 'ljanosevicv@bizjournals.com', '$2a$04$P2R/ohGi2eYUJw02EEZaveX37jwcXb4E.RnwQo8MgP8EgNP0vjfN.', '1993-08-30'),
    ('f77ea7dd11cd40fe85576bdffd24aaf6', 'Stuart', 'Trippitt', 'strippittw@wired.com', '$2a$04$P2R/ohGi2eYUJw02EEZaveX37jwcXb4E.RnwQo8MgP8EgNP0vjfN.', '1998-07-30'),
    ('288eee74648649d8b2e220b1177590a3', 'Winni', 'Marshallsay', 'wmarshallsayx@t-online.de', '$2a$04$P2R/ohGi2eYUJw02EEZaveX37jwcXb4E.RnwQo8MgP8EgNP0vjfN.', '1997-09-25'),
    ('c530acca71f140b18fe544ec39fe8128', 'Fleming', 'Semeniuk', 'fsemeniuky@salon.com', '$2a$04$P2R/ohGi2eYUJw02EEZaveX37jwcXb4E.RnwQo8MgP8EgNP0vjfN.', '1997-12-07'),
    ('e15fadb12caf493ba5f928222bec3f2b', 'Barr', 'Klimentyev', 'bklimentyevz@nyu.edu', '$2a$04$P2R/ohGi2eYUJw02EEZaveX37jwcXb4E.RnwQo8MgP8EgNP0vjfN.', '1999-09-13'),
    ('c247824ebd204d348a0eafe7c7f0957d', 'Timothy', 'Windross', 'twindross10@jigsy.com', '$2a$04$P2R/ohGi2eYUJw02EEZaveX37jwcXb4E.RnwQo8MgP8EgNP0vjfN.', '1998-04-03'),
    ('0a8976a8bdf640278e8e451759ba4262', 'Sibbie', 'Gorner', 'sgorner11@ycombinator.com', '$2a$04$P2R/ohGi2eYUJw02EEZaveX37jwcXb4E.RnwQo8MgP8EgNP0vjfN.', '1991-08-05'),
    ('8e36a1dc4b994f2db9058ac8f4ddecca', 'Faunie', 'Wilkin', 'fwilkin12@sourceforge.net', '$2a$04$P2R/ohGi2eYUJw02EEZaveX37jwcXb4E.RnwQo8MgP8EgNP0vjfN.', '1995-06-29'),
    ('d39281417a4b42a5b8cbd4ba7cdc1717', 'Cinderella', 'Damsell', 'cdamsell13@weibo.com', '$2a$04$P2R/ohGi2eYUJw02EEZaveX37jwcXb4E.RnwQo8MgP8EgNP0vjfN.', '2002-11-23');

INSERT INTO user_authority (user_id, authority_id) VALUES
    ('c3b0c97ba5a8450cb6aa49bd3a4a52d6', 2),
    ('41f28fb830da4eca923775db4895ada8', 2),
    ('a03e5b4fbac043879939b6094050136c', 2),
    ('2fa370999fce46f0a37ccb3d2500bf04', 2),
    ('7e1e4eb393214e1b817feba48dbc7e8f', 2),
    ('05e645b34ada4ccfae4089b5f7ae02d9', 2),
    ('24deda2673f64f3d825c758b22aee60b', 2),
    ('d3bccb1a887140499a25ecb1bc90b043', 2),
    ('a59ac21639d24d3889bbcccc8dbc4599', 2),
    ('93eb65c511e44a18a0c8cd95d7b2e772', 2),
    ('c1376f7537a34372a55ff09e71d1a5a8', 2),
    ('abdf17ef2d774938a9a10c6800a7e103', 2),
    ('023cf19d63394ef489f733e4af7e70eb', 2),
    ('fe6549cd3fcd4fa28c9a5d2258558ad0', 2),
    ('121e83dab3e84857bc0a1ae9d8fc1d77', 2),
    ('ac183e341bad458dba98ae32164fa483', 2),
    ('d6d797ab63164464a46165d04f953a14', 1),
    ('72c8a42e22c34052b08b421ecd6d61b7', 1),
    ('de41c027e73349558de0560ad2a4751a', 1),
    ('0ee981b281674e16ab75de5eb977658d', 1),
    ('4c766eafd15d4fc9a448abefab3fe878', 1),
    ('a495d79f53f643ccbf956207a4ff520e', 1),
    ('69f997b0fa8c44c98a9f1d37885413aa', 1),
    ('4b40ea8e209a4000af8ffc34b0425f2b', 1),
    ('169061461d4049889651192c21917251', 1),
    ('4c11b02ead304ec6a01da364fc806a9a', 1),
    ('e08e6a7dbe6747a3a4950531a649e794', 1),
    ('f49ee0f28d1547e9ae25fe499057ea80', 1),
    ('e0aaf6ada1cd493aba94a869b64c4662', 1),
    ('dfe9d931ec644730878ecc237ddb73b4', 1),
    ('9ff3a23346004bbba91cf8c64af56a6e', 1),
    ('575233018d034a09bcd64b6b7aa4deb4', 1),
    ('d916a323107e428193cb755de5a0e9d2', 1),
    ('ece508c3c6c5420aa5881a9b8fd8b7f3', 1),
    ('25b40b210a1f4089bc6321a41c5fa361', 1),
    ('a8b9e6309df7436ca5d81b9fa4aa51ee', 1),
    ('023b4c4c219b441c92380226b7a0fa79', 1),
    ('998c46c9b97e4f4a89a77c59c420ca0d', 1),
    ('a91868fb4bd544df8b42c1af8a40629f', 1),
    ('aa241172cf5d4a7ea720807023c594ab', 1),
    ('a0a067b4cfbb489fafa1f28d9ea1f7b9', 1),
    ('cd5080f87ac94adaae5f4e4fdcfc3a40', 1),
    ('f61db240b41c4e4296bfa99dbceaf8d5', 1),
    ('151a948116604499afa5229dcb4317d9', 1),
    ('191e2530e8ce40359021b8c6389c6e0f', 1),
    ('b50ebbb5ca9343fe8a04ad5b68a735ea', 1),
    ('6fc4b742e790401e8f2f0c1194902f67', 1),
    ('e3bc880570294f44add5a3d4ab6a9d98', 1),
    ('2ef2d7f9a38e411c829306cb5b4d1736', 1),
    ('f77ea7dd11cd40fe85576bdffd24aaf6', 1),
    ('288eee74648649d8b2e220b1177590a3', 1),
    ('c530acca71f140b18fe544ec39fe8128', 1),
    ('e15fadb12caf493ba5f928222bec3f2b', 1),
    ('c247824ebd204d348a0eafe7c7f0957d', 1),
    ('0a8976a8bdf640278e8e451759ba4262', 1),
    ('8e36a1dc4b994f2db9058ac8f4ddecca', 1),
    ('d39281417a4b42a5b8cbd4ba7cdc1717', 1);

INSERT INTO domain (id, name) VALUES
	(1, 'Web programming'),
	(2, 'General Computer Usage'),
	(3, 'C++ language'),
	(4, 'Java language'),
	(5, 'C# language'),
	(6, 'Cloud computing'),
	(7, 'Python language'),
	(8, 'Machine learning'),
	(9, 'Computer architecture'),
	(10, 'Assembly language'),
	(11, 'Neural networks');

INSERT INTO knowledge_space (id, is_real, name, domain_id) VALUES
	(1, false, 'Expected1', 1),
	(2, false, 'Expected2', 2);

INSERT INTO domain_problem (id, name) VALUES
	('7f91b07ce0184b4b9825ecff1256cba4', 'HTTP'),
	('5706e487af22425c898a8d0d9d74b125', 'REST'),
	('9440fe067efa46c587c6cd4656b96b45', 'SOA'),
	('34b6c73e29704609a7e94e2528dd8779', 'Microservices'),
	('c1edd78975be4ab0b59899e75bdbec3f', 'Databases'),
	('cffb6d7eb11f42a5ab8598961ba9e744', 'Basic Computer Knowledge'),
	('3c02e26072494f62baee852ede19dad8', 'Basic Web Knowledge'),
	('29c2109a90a24e37929e2578420dc6df', 'Computer Operation Proficiency');

INSERT INTO edge (from_id, to_id, knowledge_space_id) VALUES
	('7f91b07ce0184b4b9825ecff1256cba4', '5706e487af22425c898a8d0d9d74b125', 1),
	('5706e487af22425c898a8d0d9d74b125', '9440fe067efa46c587c6cd4656b96b45', 1),
	('5706e487af22425c898a8d0d9d74b125', '34b6c73e29704609a7e94e2528dd8779', 1),
	('9440fe067efa46c587c6cd4656b96b45', 'c1edd78975be4ab0b59899e75bdbec3f', 1),
	('34b6c73e29704609a7e94e2528dd8779', 'c1edd78975be4ab0b59899e75bdbec3f', 1),
	('cffb6d7eb11f42a5ab8598961ba9e744', '3c02e26072494f62baee852ede19dad8', 2),
	('3c02e26072494f62baee852ede19dad8', '29c2109a90a24e37929e2578420dc6df', 2);

INSERT INTO test (id, name , timer, valid_from, valid_until, created_by_id, domain_id) VALUES
    (1, 'Introduction to web programming', 60.0, CURRENT_DATE(), CURRENT_DATE() + INTERVAL 5 DAY, 'c3b0c97ba5a8450cb6aa49bd3a4a52d6', 1),
    (2, 'Computer usage 1', 120.0, CURRENT_DATE() + INTERVAL 10 DAY, CURRENT_DATE() + INTERVAL 14 DAY, 'c3b0c97ba5a8450cb6aa49bd3a4a52d6', 2),
	(3, 'Computer usage 2', 120.0, CURRENT_DATE() + INTERVAL 10 DAY, CURRENT_DATE() + INTERVAL 14 DAY, 'c3b0c97ba5a8450cb6aa49bd3a4a52d6', 2);

INSERT INTO section VALUES
    (1, 'HTTP section', 1),
    (2, 'Service architectures', 1),
    (3, 'Entity relationships', 1),
    (4, 'Computer usage', 2),
	(5, 'Computer usage', 3);

INSERT INTO item VALUES
    (1, 'formula.png', 'HTML is what type of language?', '7f91b07ce0184b4b9825ecff1256cba4', 1),
    (2, 'formula.png', 'Which HTTP methods exists?', '5706e487af22425c898a8d0d9d74b125', 1),
    (3, 'formula.png', 'Which of the following is the base namespace for a SOAP message?', '9440fe067efa46c587c6cd4656b96b45', 1),
    (4, 'formula.png', 'What''s the difference between a microservices-oriented architecture (MOA) and a service-oriented architecture (SOA)?', '34b6c73e29704609a7e94e2528dd8779', 2),
	(5, 'formula.png', 'What do you mean by one to many relationships?', 'c1edd78975be4ab0b59899e75bdbec3f', 3),
    (6, 'formula.png', 'Identify the device through which data and instructions are entered into a computer?', 'cffb6d7eb11f42a5ab8598961ba9e744', 4),
	(7, 'formula.png', 'Which one of these is working as temporary memory?', 'cffb6d7eb11f42a5ab8598961ba9e744', 5),
	(8, 'formula.png', 'Which software is a file compression utility?', '3c02e26072494f62baee852ede19dad8', 4),
	(9, 'formula.png', 'In which situation running applications of an user account remains active?', '3c02e26072494f62baee852ede19dad8', 5),
	(10,'formula.png', 'Which of the following is a correct format of Email address?', '29c2109a90a24e37929e2578420dc6df', 4),
	(11,'formula.png', 'Which one of the following is a search engine?', '29c2109a90a24e37929e2578420dc6df', 5);

INSERT INTO answer (points, text, item_id) VALUES
    (0.0, 'Scripting Language', 1),
    (5.0, 'Markup Language', 1),
    (0.0, 'Programming Language', 1),
    (0.0, 'Network Protocol', 1),
    (5.0, 'GET', 2),
    (-5.0, 'FIND', 2),
    (5.0, 'POST', 2),
    (-5.0, 'ADD', 2),
    (5.0, 'DELETE', 2),
    (-5.0, 'REMOVE', 2),
    (0.0, 'http://www.w3.org/2001/06/soap-message', 3),
    (5.0, 'http://www.w3.org/2001/06/soap-envelope', 3),
    (0.0, 'http://www.w3.org/2001/06/soap/message', 3),
    (0.0, 'http://www.w3.org/2001/06/soap/soapEnvelope', 3),
    (5.0, 'An SOA uses intermediation technology to facilitate communication between services', 4),
    (5.0, 'An MOA shares as little data as possible while an SOA shares as much data as possible', 4),
    (5.0, 'A developer can run a monolithic application with SOA principles', 4),
    (-5.0, 'One class may have many teachers', 5),
    (5.0, 'One teacher can have many classes', 5),
    (-5.0, 'Many classes may have many teachers', 5),
    (-5.0, 'Many teachers may have many classes', 5),
    (0.0, 'Memory', 6),
    (5.0, 'Keyboard', 6),
    (0.0, 'Software', 6),
    (5.0, 'Webcam', 6),
    (-5.0, 'ROM', 7),
    (5.0, 'RAM', 7),
    (5.0, 'Cache', 7),
    (-5.0, 'Hard Drive', 7),
    (5.0, '7-zip', 8),
    (5.0, 'WinRAR', 8),
    (-5.0, 'File Explorer', 8),
    (-5.0, 'When we Log Off', 9),
    (-5.0, 'When we Shut Down', 9),
    (5.0, 'When we Switch User', 9),
    (-5.0, 'teacher.school.com', 10),
    (5.0, 'teacher.mike@school.com', 10),
    (-5.0, 'teacher-mike@school.com', 10),
    (5.0, 'teacher@mikec.school.com', 10),
    (5.0, 'Google', 11),
    (-5.0, 'Microsoft', 11),
    (-5.0, 'Windows', 11),
    (5.0, 'Yahoo', 11);

